model_family,best_params,val_rmse,val_mae,val_r2,val_pearson,test_rmse,test_mae,test_r2,test_pearson
ridge,"{""alpha"": 100.0, ""solver"": ""lsqr""}",1.1083744232689847,0.8522875466973666,0.36126063359832195,0.6129852282135665,1.0660825258516293,0.8350000315643968,0.39087068305057915,0.6456705165848364
random_forest,"{""n_estimators"": 500, ""max_depth"": 40, ""min_samples_leaf"": 1, ""max_features"": 0.3}",0.9790334586975912,0.7204655070318103,0.5016370355405062,0.7144587811681128,0.9386343245891922,0.7104576347220987,0.5278057264411464,0.7409791268593047
lightgbm,"{""learning_rate"": 0.1, ""num_leaves"": 63, ""min_child_samples"": 50, ""n_estimators"": 400}",0.9972706627892944,0.7338073691082524,0.4828973315385938,0.7025024858756909,0.9620031142295745,0.7224998018374834,0.5040009914257865,0.7245397996288421
